INSERT INTO Type (name) VALUES ('Normal');
INSERT INTO Type (name) VALUES ('Fighting');
INSERT INTO Type (name) VALUES ('Flying');
INSERT INTO Type (name) VALUES ('Poison');
INSERT INTO Type (name) VALUES ('Ground');
INSERT INTO Type (name) VALUES ('Rock');
INSERT INTO Type (name) VALUES ('Bug');
INSERT INTO Type (name) VALUES ('Ghost');
INSERT INTO Type (name) VALUES ('Steel');
INSERT INTO Type (name) VALUES ('Fire');
INSERT INTO Type (name) VALUES ('Water');
INSERT INTO Type (name) VALUES ('Grass');
INSERT INTO Type (name) VALUES ('Electric');
INSERT INTO Type (name) VALUES ('Psychic');
INSERT INTO Type (name) VALUES ('Ice');
INSERT INTO Type (name) VALUES ('Dragon');
INSERT INTO Type (name) VALUES ('Dark');
INSERT INTO Type (name) VALUES ('Fairy');

INSERT INTO ObjectPk (name, description) VALUES ('Power Lens', 'Boosts Special Attack EVs gained by holder.');
INSERT INTO ObjectPk (name, description) VALUES ('Macho Brace', 'Doubles EVs gained, halves holder''s speed in battle.');
INSERT INTO ObjectPk (name, description) VALUES ('Exp. Share', 'Shares EXP gained in battle with holder.');
INSERT INTO ObjectPk (name, description) VALUES ('King''s Rock', 'Holder''s attacks may cause flinching.');
INSERT INTO ObjectPk (name, description) VALUES ('Quick Claw', 'Holder may act first in battle sometimes.');
INSERT INTO ObjectPk (name, description) VALUES ('Metal Coat', 'Boosts power of Steel-type moves, held by a Steel-type Pokémon.');
INSERT INTO ObjectPk (name, description) VALUES ('Soft Sand', 'Boosts power of Ground-type moves, held by a Ground-type Pokémon.');
INSERT INTO ObjectPk (name, description) VALUES ('Mystic Water', 'Boosts power of Water-type moves, held by a Water-type Pokémon.');
INSERT INTO ObjectPk (name, description) VALUES ('Black Belt', 'Boosts power of Fighting-type moves, held by a Fighting-type Pokémon.');
INSERT INTO ObjectPk (name, description) VALUES ('Amulet Coin', 'Doubles money received in battle if holder takes part in the battle.');
INSERT INTO ObjectPk (name, description) VALUES ('Poison Barb', 'Boosts power of Poison-type moves, held by a Poison-type Pokémon.');
INSERT INTO ObjectPk (name, description) VALUES ('Charcoal', 'Boosts power of Fire-type moves, held by a Fire-type Pokémon.');
INSERT INTO ObjectPk (name, description) VALUES ('Scope Lens', 'Increases holder''s critical hit ratio.');
INSERT INTO ObjectPk (name, description) VALUES ('Leftovers', 'Gradually restores holder''s HP during battle.');
INSERT INTO ObjectPk (name, description) VALUES ('Black Glasses', 'Boosts power of Dark-type moves, held by a Dark-type Pokémon.');
INSERT INTO ObjectPk (name, description) VALUES ('Never-Melt Ice', 'Boosts power of Ice-type moves, held by an Ice-type Pokémon.');
INSERT INTO ObjectPk (name, description) VALUES ('BrightPowder', 'Increases holder''s evasion in battle.');
INSERT INTO ObjectPk (name, description) VALUES ('White Herb', 'Removes all stat drops from holder once.');
INSERT INTO ObjectPk (name, description) VALUES ('Muscle Band', 'Boosts power of physical moves, held by a Pokémon.');
INSERT INTO ObjectPk (name, description) VALUES ('Expert Belt', 'Boosts power of super-effective moves.');
INSERT INTO ObjectPk (name, description) VALUES ('Mental Herb', 'Holder is cured of any mental status conditions at the end of each turn.');
INSERT INTO ObjectPk (name, description) VALUES ('Wide Lens', 'Increases accuracy of moves.');
INSERT INTO ObjectPk (name, description) VALUES ('Razor Fang', 'Holder''s attacks may cause flinching or make the target flinch more often.');
INSERT INTO ObjectPk (name, description) VALUES ('Zoom Lens', 'Increases holder''s accuracy if it moves after the target.');
INSERT INTO ObjectPk (name, description) VALUES ('Lax Incense', 'Lowers the accuracy of moves that target the holder.');
INSERT INTO ObjectPk (name, description) VALUES ('Rocky Helmet', 'Deals damage to the attacker on contact.');
INSERT INTO ObjectPk (name, description) VALUES ('Grip Claw', 'Extends duration of multi-turn moves.');
INSERT INTO ObjectPk (name, description) VALUES ('Icy Rock', 'Extends duration of hail weather when held by a Pokémon.');
INSERT INTO ObjectPk (name, description) VALUES ('Smooth Rock', 'Extends duration of sandstorm weather when held by a Pokémon.');
INSERT INTO ObjectPk (name, description) VALUES ('Big Root', 'Increases HP gained from draining moves, held by a Pokémon.');
INSERT INTO ObjectPk (name, description) VALUES ('Binding Band', 'Increases power of binding moves used by holder.');
INSERT INTO ObjectPk (name, description) VALUES ('Light Clay', 'Extends duration of Light Screen and Reflect when held by a Pokémon.');
INSERT INTO ObjectPk (name, description) VALUES ('Cell Battery', 'Raises holder''s Attack if hit by an Electric-type move.');
INSERT INTO ObjectPk (name, description) VALUES ('Red Card', 'Forces target to switch out when holder is hit by a contact move.');
INSERT INTO ObjectPk (name, description) VALUES ('Eject Button', 'Forces holder to switch out when hit by an attack.');
INSERT INTO ObjectPk (name, description) VALUES ('Ring Target', 'Negates holder''s type immunities.');
INSERT INTO ObjectPk (name, description) VALUES ('Absorb Bulb', 'Raises holder''s Special Attack if hit by a Water-type move.');
INSERT INTO ObjectPk (name, description) VALUES ('Air Balloon', 'Makes holder immune to Ground-type moves until hit.');
INSERT INTO ObjectPk (name, description) VALUES ('Binding Ribbon', 'Increases power of binding moves used against holder.');
INSERT INTO ObjectPk (name, description) VALUES ('Eject Pack', 'Forces holder to switch out when a stat is lowered.');
INSERT INTO ObjectPk (name, description) VALUES ('Electric Seed', 'Raises holder''s Defense in Electric Terrain.');
INSERT INTO ObjectPk (name, description) VALUES ('Grassy Seed', 'Raises holder''s Defense in Grassy Terrain.');
INSERT INTO ObjectPk (name, description) VALUES ('Misty Seed', 'Raises holder''s Special Defense in Misty Terrain.');
INSERT INTO ObjectPk (name, description) VALUES ('Psychic Seed', 'Raises holder''s Special Defense in Psychic Terrain.');
INSERT INTO ObjectPk (name, description) VALUES ('Blunder Policy', 'Raises holder''s Speed sharply if its move fails.');
INSERT INTO ObjectPk (name, description) VALUES ('Room Service', 'Lowers holder''s Speed when Trick Room is in effect.');
INSERT INTO ObjectPk (name, description) VALUES ('Throat Spray', 'Raises holder''s Special Attack after it uses a sound-based move.');
INSERT INTO ObjectPk (name, description) VALUES ('Terrain Seed', 'Raises holder''s Attack or Special Attack in corresponding Terrain.');
INSERT INTO ObjectPk (name, description) VALUES ('Love Sweet', 'Evolves Milcery into Alcremie when held and spun around.');
INSERT INTO ObjectPk (name, description) VALUES ('Berry Sweet', 'Evolves Milcery into Alcremie when held and spun around.');

INSERT INTO Trainer (name) VALUES ('Ash Ketchum');
INSERT INTO Trainer (name) VALUES ('Gary Oak');
INSERT INTO Trainer (name) VALUES ('Misty');
INSERT INTO Trainer (name) VALUES ('Brock');
INSERT INTO Trainer (name) VALUES ('Tracey');
INSERT INTO Trainer (name) VALUES ('May Maple');
INSERT INTO Trainer (name) VALUES ('Max Maple');
INSERT INTO Trainer (name) VALUES ('Dawn Berlitz');
INSERT INTO Trainer (name) VALUES ('Barry Pearl');
INSERT INTO Trainer (name) VALUES ('Paul Shinji');
INSERT INTO Trainer (name) VALUES ('Zoey Iguchi');
INSERT INTO Trainer (name) VALUES ('Cilan Dent');
INSERT INTO Trainer (name) VALUES ('Iris Kibago');
INSERT INTO Trainer (name) VALUES ('Georgia Langley');
INSERT INTO Trainer (name) VALUES ('Bianca Bel');
INSERT INTO Trainer (name) VALUES ('Cameron Baxter');
INSERT INTO Trainer (name) VALUES ('Serena Tsukino');
INSERT INTO Trainer (name) VALUES ('Clemont Lem');
INSERT INTO Trainer (name) VALUES ('Bonnie Eureka');
INSERT INTO Trainer (name) VALUES ('Shauna Sana');
INSERT INTO Trainer (name) VALUES ('Tierno Tye');
INSERT INTO Trainer (name) VALUES ('Trevor Trova');
INSERT INTO Trainer (name) VALUES ('Alain');
INSERT INTO Trainer (name) VALUES ('Mairin');
INSERT INTO Trainer (name) VALUES ('Sophocles');
INSERT INTO Trainer (name) VALUES ('Lillie');
INSERT INTO Trainer (name) VALUES ('Gladion');
INSERT INTO Trainer (name) VALUES ('Hau');
INSERT INTO Trainer (name) VALUES ('Kiawe');
INSERT INTO Trainer (name) VALUES ('Mallow');
INSERT INTO Trainer (name) VALUES ('Lana');
INSERT INTO Trainer (name) VALUES ('Anabel');
INSERT INTO Trainer (name) VALUES ('Looker');
INSERT INTO Trainer (name) VALUES ('Dexio');
INSERT INTO Trainer (name) VALUES ('Sina');
INSERT INTO Trainer (name) VALUES ('Red');
INSERT INTO Trainer (name) VALUES ('Blue Oak');
INSERT INTO Trainer (name) VALUES ('Green Oak');
INSERT INTO Trainer (name) VALUES ('Ethan Gold');
INSERT INTO Trainer (name) VALUES ('Lyra');
INSERT INTO Trainer (name) VALUES ('Nate');
INSERT INTO Trainer (name) VALUES ('Rosa');
INSERT INTO Trainer (name) VALUES ('Calem');
INSERT INTO Trainer (name) VALUES ('Serena');
INSERT INTO Trainer (name) VALUES ('Elio');
INSERT INTO Trainer (name) VALUES ('Selene');
INSERT INTO Trainer (name) VALUES ('Chase');
INSERT INTO Trainer (name) VALUES ('Elaine');
INSERT INTO Trainer (name) VALUES ('Hilda');
INSERT INTO Trainer (name) VALUES ('Hilbert');

INSERT INTO Region (name) VALUES ('Kanto');
INSERT INTO Region (name) VALUES ('Johto');
INSERT INTO Region (name) VALUES ('Hoenn');
INSERT INTO Region (name) VALUES ('Sinnoh');
INSERT INTO Region (name) VALUES ('Unova');
INSERT INTO Region (name) VALUES ('Kalos');
INSERT INTO Region (name) VALUES ('Alola');
INSERT INTO Region (name) VALUES ('Galar');

INSERT INTO Weaknesses_and_Strengths (type_main, type_related, damage_mult_to, damage_mult_from) VALUES (1, 1, 1, 1);
INSERT INTO Weaknesses_and_Strengths (type_main, type_related, damage_mult_to, damage_mult_from) VALUES (1, 2, 2, 0.5);
INSERT INTO Weaknesses_and_Strengths (type_main, type_related, damage_mult_to, damage_mult_from) VALUES (1, 3, 1, 1.25);
INSERT INTO Weaknesses_and_Strengths (type_main, type_related, damage_mult_to, damage_mult_from) VALUES (1, 4, 1, 1);
INSERT INTO Weaknesses_and_Strengths (type_main, type_related, damage_mult_to, damage_mult_from) VALUES (1, 5, 1, 1);
INSERT INTO Weaknesses_and_Strengths (type_main, type_related, damage_mult_to, damage_mult_from) VALUES (1, 6, 0.5, 2);
INSERT INTO Weaknesses_and_Strengths (type_main, type_related, damage_mult_to, damage_mult_from) VALUES (1, 7, 1, 0.5);
INSERT INTO Weaknesses_and_Strengths (type_main, type_related, damage_mult_to, damage_mult_from) VALUES (1, 8, 0, 1);
INSERT INTO Weaknesses_and_Strengths (type_main, type_related, damage_mult_to, damage_mult_from) VALUES (1, 9, 0.5, 2);
INSERT INTO Weaknesses_and_Strengths (type_main, type_related, damage_mult_to, damage_mult_from) VALUES (1, 10, 1, 1);
INSERT INTO Weaknesses_and_Strengths (type_main, type_related, damage_mult_to, damage_mult_from) VALUES (1, 11, 1, 1);
INSERT INTO Weaknesses_and_Strengths (type_main, type_related, damage_mult_to, damage_mult_from) VALUES (1, 12, 1, 0.5);
INSERT INTO Weaknesses_and_Strengths (type_main, type_related, damage_mult_to, damage_mult_from) VALUES (1, 13, 1, 1);
INSERT INTO Weaknesses_and_Strengths (type_main, type_related, damage_mult_to, damage_mult_from) VALUES (1, 14, 1, 1);
INSERT INTO Weaknesses_and_Strengths (type_main, type_related, damage_mult_to, damage_mult_from) VALUES (1, 15, 1, 2);
INSERT INTO Weaknesses_and_Strengths (type_main, type_related, damage_mult_to, damage_mult_from) VALUES (1, 16, 1, 0.5);
INSERT INTO Weaknesses_and_Strengths (type_main, type_related, damage_mult_to, damage_mult_from) VALUES (1, 17, 1, 1);

INSERT INTO Weaknesses_and_Strengths (type_main, type_related, damage_mult_to, damage_mult_from) VALUES (2, 2, 1, 2)
INSERT INTO Weaknesses_and_Strengths (type_main, type_related, damage_mult_to, damage_mult_from) 
VALUES (2, 1, 1, 1.5),
INSERT INTO Weaknesses_and_Strengths (type_main, type_related, damage_mult_to, damage_mult_from) 
VALUES (2, 3, 0.5, 2),
INSERT INTO Weaknesses_and_Strengths (type_main, type_related, damage_mult_to, damage_mult_from) 
VALUES (2, 4, 0.5, 1),
INSERT INTO Weaknesses_and_Strengths (type_main, type_related, damage_mult_to, damage_mult_from) 
VALUES (2, 5, 1, 1),
INSERT INTO Weaknesses_and_Strengths (type_main, type_related, damage_mult_to, damage_mult_from) 
VALUES (2, 6, 2, 0.5),
INSERT INTO Weaknesses_and_Strengths (type_main, type_related, damage_mult_to, damage_mult_from) 
VALUES (2, 7, 0.5, 0.5),
INSERT INTO Weaknesses_and_Strengths (type_main, type_related, damage_mult_to, damage_mult_from) 
VALUES (2, 8, 0, 1),
INSERT INTO Weaknesses_and_Strengths (type_main, type_related, damage_mult_to, damage_mult_from) 
VALUES (2, 9, 2, 0.5),
INSERT INTO Weaknesses_and_Strengths (type_main, type_related, damage_mult_to, damage_mult_from) 
VALUES (2, 10, 1, 0.5),
INSERT INTO Weaknesses_and_Strengths (type_main, type_related, damage_mult_to, damage_mult_from) 
VALUES (2, 11, 1, 2),
INSERT INTO Weaknesses_and_Strengths (type_main, type_related, damage_mult_to, damage_mult_from) 
VALUES (2, 12, 0.5, 0.5),
INSERT INTO Weaknesses_and_Strengths (type_main, type_related, damage_mult_to, damage_mult_from) 
VALUES (2, 13, 1, 1),
INSERT INTO Weaknesses_and_Strengths (type_main, type_related, damage_mult_to, damage_mult_from) 
VALUES (2, 14, 1, 1),
INSERT INTO Weaknesses_and_Strengths (type_main, type_related, damage_mult_to, damage_mult_from) 
VALUES (2, 15, 1, 1),
INSERT INTO Weaknesses_and_Strengths (type_main, type_related, damage_mult_to, damage_mult_from) 
VALUES (2, 16, 2, 1),
INSERT INTO Weaknesses_and_Strengths (type_main, type_related, damage_mult_to, damage_mult_from) 
VALUES (2, 17, 0.5, 0.5),
INSERT INTO Weaknesses_and_Strengths (type_main, type_related, damage_mult_to, damage_mult_from) 
VALUES (2, 18, 1, 2);

INSERT INTO Weaknesses_and_Strengths (type_main, type_related, damage_mult_to, damage_mult_from) VALUES (5, 2, 2, 0.5) 
INSERT INTO Weaknesses_and_Strengths (type_main, type_related, damage_mult_to, damage_mult_from) 
VALUES (5, 1, 1, 1),
INSERT INTO Weaknesses_and_Strengths (type_main, type_related, damage_mult_to, damage_mult_from) 
VALUES (5, 2, 1, 1),
INSERT INTO Weaknesses_and_Strengths (type_main, type_related, damage_mult_to, damage_mult_from) 
VALUES (5, 3, 0.5, 1),
INSERT INTO Weaknesses_and_Strengths (type_main, type_related, damage_mult_to, damage_mult_from) 
VALUES (5, 4, 2, 0.5),
INSERT INTO Weaknesses_and_Strengths (type_main, type_related, damage_mult_to, damage_mult_from) 
VALUES (5, 6, 2, 1),
INSERT INTO Weaknesses_and_Strengths (type_main, type_related, damage_mult_to, damage_mult_from) 
VALUES (5, 7, 0.5, 1),
INSERT INTO Weaknesses_and_Strengths (type_main, type_related, damage_mult_to, damage_mult_from) 
VALUES (5, 8, 2, 1),
INSERT INTO Weaknesses_and_Strengths (type_main, type_related, damage_mult_to, damage_mult_from) 
VALUES (5, 9, 0.5, 1),
INSERT INTO Weaknesses_and_Strengths (type_main, type_related, damage_mult_to, damage_mult_from) 
VALUES (5, 10, 2, 1),
INSERT INTO Weaknesses_and_Strengths (type_main, type_related, damage_mult_to, damage_mult_from) 
VALUES (5, 11, 1, 1),
INSERT INTO Weaknesses_and_Strengths (type_main, type_related, damage_mult_to, damage_mult_from) 
VALUES (5, 12, 0.5, 1),
INSERT INTO Weaknesses_and_Strengths (type_main, type_related, damage_mult_to, damage_mult_from) 
VALUES (5, 13, 0, 2),
INSERT INTO Weaknesses_and_Strengths (type_main, type_related, damage_mult_to, damage_mult_from) 
VALUES (5, 14, 1, 1),
INSERT INTO Weaknesses_and_Strengths (type_main, type_related, damage_mult_to, damage_mult_from) 
VALUES (5, 15, 2, 1),
INSERT INTO Weaknesses_and_Strengths (type_main, type_related, damage_mult_to, damage_mult_from) 
VALUES (5, 16, 1, 1),
INSERT INTO Weaknesses_and_Strengths (type_main, type_related, damage_mult_to, damage_mult_from) 
VALUES (5, 17, 2, 0.5),
INSERT INTO Weaknesses_and_Strengths (type_main, type_related, damage_mult_to, damage_mult_from) 
VALUES (5, 18, 1, 1);


INSERT INTO Weaknesses_and_Strengths (type_main, type_related, damage_mult_to, damage_mult_from) 
VALUES (3, 1, 1, 1.00);

INSERT INTO Weaknesses_and_Strengths (type_main, type_related, damage_mult_to, damage_mult_from) 
VALUES (3, 2, 0.5, 2.00);
INSERT INTO Weaknesses_and_Strengths (type_main, type_related, damage_mult_to, damage_mult_from) 
VALUES (3, 4, 1, 0.50);
INSERT INTO Weaknesses_and_Strengths (type_main, type_related, damage_mult_to, damage_mult_from) 
VALUES (3, 5, 0, 2.00);
INSERT INTO Weaknesses_and_Strengths (type_main, type_related, damage_mult_to, damage_mult_from) 
VALUES (3, 6, 0.5, 2.00);
INSERT INTO Weaknesses_and_Strengths (type_main, type_related, damage_mult_to, damage_mult_from) 
VALUES (3, 7, 2, 0.50);
INSERT INTO Weaknesses_and_Strengths (type_main, type_related, damage_mult_to, damage_mult_from) 
VALUES (3, 8, 0.5, 0.00);
INSERT INTO Weaknesses_and_Strengths (type_main, type_related, damage_mult_to, damage_mult_from) 
VALUES (3, 9, 0.5, 0.50);
INSERT INTO Weaknesses_and_Strengths (type_main, type_related, damage_mult_to, damage_mult_from) 
VALUES (3, 10, 1, 1.00);
INSERT INTO Weaknesses_and_Strengths (type_main, type_related, damage_mult_to, damage_mult_from) 
VALUES (3, 11, 1, 0.50);
INSERT INTO Weaknesses_and_Strengths (type_main, type_related, damage_mult_to, damage_mult_from) 
VALUES (3, 12, 0.5, 2.00);
INSERT INTO Weaknesses_and_Strengths (type_main, type_related, damage_mult_to, damage_mult_from) 
VALUES (3, 13, 2, 0.50);
INSERT INTO Weaknesses_and_Strengths (type_main, type_related, damage_mult_to, damage_mult_from) 
VALUES (3, 14, 1, 1.00);
INSERT INTO Weaknesses_and_Strengths (type_main, type_related, damage_mult_to, damage_mult_from) 
VALUES (3, 15, 1, 1.00);
INSERT INTO Weaknesses_and_Strengths (type_main, type_related, damage_mult_to, damage_mult_from) 
VALUES (3, 16, 2, 0.50);
INSERT INTO Weaknesses_and_Strengths (type_main, type_related, damage_mult_to, damage_mult_from) 
VALUES (3, 17, 0.5, 2.00);
INSERT INTO Weaknesses_and_Strengths (type_main, type_related, damage_mult_to, damage_mult_from) 
VALUES (3, 18, 1, 1.00);
INSERT INTO Weaknesses_and_Strengths (type_main, type_related, damage_mult_to, damage_mult_from)
VALUES (4, 1, 1.0, 1.0);
INSERT INTO Weaknesses_and_Strengths (type_main, type_related, damage_mult_to, damage_mult_from)
VALUES (4, 2, 0.5, 2.0);
INSERT INTO Weaknesses_and_Strengths (type_main, type_related, damage_mult_to, damage_mult_from)
VALUES (4, 3, 1.0, 1.0);
INSERT INTO Weaknesses_and_Strengths (type_main, type_related, damage_mult_to, damage_mult_from)
VALUES (4, 4, 0.5, 0.5);
INSERT INTO Weaknesses_and_Strengths (type_main, type_related, damage_mult_to, damage_mult_from)
VALUES (4, 5, 2.0, 0.5);
INSERT INTO Weaknesses_and_Strengths (type_main, type_related, damage_mult_to, damage_mult_from)
VALUES (4, 6, 1.0, 0.5);
INSERT INTO Weaknesses_and_Strengths (type_main, type_related, damage_mult_to, damage_mult_from)
VALUES (4, 7, 0.5, 1.0);
INSERT INTO Weaknesses_and_Strengths (type_main, type_related, damage_mult_to, damage_mult_from)
VALUES (4, 8, 0.5, 0.0);
INSERT INTO Weaknesses_and_Strengths (type_main, type_related, damage_mult_to, damage_mult_from)
VALUES (4, 9, 0.0, 1.0);
INSERT INTO Weaknesses_and_Strengths (type_main, type_related, damage_mult_to, damage_mult_from)
VALUES (4, 10, 1.0, 1.0);
INSERT INTO Weaknesses_and_Strengths (type_main, type_related, damage_mult_to, damage_mult_from)
VALUES (4, 11, 1.0, 2.0);
INSERT INTO Weaknesses_and_Strengths (type_main, type_related, damage_mult_to, damage_mult_from)
VALUES (4, 12, 2.0, 0.5);
INSERT INTO Weaknesses_and_Strengths (type_main, type_related, damage_mult_to, damage_mult_from)
VALUES (4, 13, 1.0, 1.0);

INSERT INTO Weaknesses_and_Strengths (type_main, type_related, damage_mult_to, damage_mult_from)
VALUES (4, 14, 2.0, 1.0);

INSERT INTO Weaknesses_and_Strengths (type_main, type_related, damage_mult_to, damage_mult_from)
VALUES (4, 15, 1.0, 1.0);

INSERT INTO Weaknesses_and_Strengths (type_main, type_related, damage_mult_to, damage_mult_from)
VALUES (4, 16, 2.0, 0.5);
INSERT INTO Weaknesses_and_Strengths (type_main, type_related, damage_mult_to, damage_mult_from)
VALUES (4, 17, 1.0, 0.6);

INSERT INTO Weaknesses_and_Strengths (type_main, type_related, damage_mult_to, damage_mult_from)
VALUES (4, 18, 0.5, 1.5);

INSERT INTO Weaknesses_and_Strengths(type_main, type_related, damage_mult_to, damage_mult_from) 
VALUES (6, 1, 1, 1.5);
INSERT INTO Weaknesses_and_Strengths(type_main, type_related, damage_mult_to, damage_mult_from) 
VALUES (6, 2, 0.5, 2);
INSERT INTO Weaknesses_and_Strengths(type_main, type_related, damage_mult_to, damage_mult_from) 
VALUES (6, 3, 1, 0.5);
INSERT INTO Weaknesses_and_Strengths(type_main, type_related, damage_mult_to, damage_mult_from) 
VALUES (6, 4, 0.5, 1);
INSERT INTO Weaknesses_and_Strengths(type_main, type_related, damage_mult_to, damage_mult_from) 
VALUES (6, 5, 2, 0.5);
INSERT INTO Weaknesses_and_Strengths(type_main, type_related, damage_mult_to, damage_mult_from) 
VALUES (6, 6, 0.5, 1);
INSERT INTO Weaknesses_and_Strengths(type_main, type_related, damage_mult_to, damage_mult_from) 
VALUES (6, 7, 1, 1);
INSERT INTO Weaknesses_and_Strengths(type_main, type_related, damage_mult_to, damage_mult_from) 
VALUES (6, 8, 1, 1);
INSERT INTO Weaknesses_and_Strengths(type_main, type_related, damage_mult_to, damage_mult_from) 
VALUES (6, 9, 0.5, 2);
INSERT INTO Weaknesses_and_Strengths(type_main, type_related, damage_mult_to, damage_mult_from) 
VALUES (6, 10, 2, 0.5);
INSERT INTO Weaknesses_and_Strengths(type_main, type_related, damage_mult_to, damage_mult_from) 
VALUES (6, 11, 2, 0.5);
INSERT INTO Weaknesses_and_Strengths(type_main, type_related, damage_mult_to, damage_mult_from) 
VALUES (6, 12, 0.5, 2);
INSERT INTO Weaknesses_and_Strengths(type_main, type_related, damage_mult_to, damage_mult_from) 
VALUES (6, 13, 1, 1);
INSERT INTO Weaknesses_and_Strengths(type_main, type_related, damage_mult_to, damage_mult_from) 
VALUES (6, 14, 1, 1);
INSERT INTO Weaknesses_and_Strengths(type_main, type_related, damage_mult_to, damage_mult_from) 
VALUES (6, 15, 1, 2);
INSERT INTO Weaknesses_and_Strengths(type_main, type_related, damage_mult_to, damage_mult_from) 
VALUES (6, 16, 1, 1);
INSERT INTO Weaknesses_and_Strengths(type_main, type_related, damage_mult_to, damage_mult_from) 
VALUES (6, 17, 1, 0.5);
INSERT INTO Weaknesses_and_Strengths(type_main, type_related, damage_mult_to, damage_mult_from) 
VALUES (6, 18, 1, 1.5);

INSERT INTO Weaknesses_and_Strengths(type_main, type_related, damage_mult_to, damage_mult_from)
VALUES (7, 1, 1, 1), 
INSERT INTO Weaknesses_and_Strengths(type_main, type_related, damage_mult_to, damage_mult_from)
VALUES (7, 2, 0.5, 2), 
INSERT INTO Weaknesses_and_Strengths(type_main, type_related, damage_mult_to, damage_mult_from)
VALUES (7, 3, 2, 0.5), 
INSERT INTO Weaknesses_and_Strengths(type_main, type_related, damage_mult_to, damage_mult_from)
VALUES (7, 4, 0.5, 1), 
INSERT INTO Weaknesses_and_Strengths(type_main, type_related, damage_mult_to, damage_mult_from)
VALUES (7, 5, 1, 0.5), 
INSERT INTO Weaknesses_and_Strengths(type_main, type_related, damage_mult_to, damage_mult_from)
VALUES (7, 6, 2, 0.5), 
INSERT INTO Weaknesses_and_Strengths(type_main, type_related, damage_mult_to, damage_mult_from)
VALUES (7, 8, 0.5, 1), 
INSERT INTO Weaknesses_and_Strengths(type_main, type_related, damage_mult_to, damage_mult_from)
VALUES (7, 9, 1, 1), 
INSERT INTO Weaknesses_and_Strengths(type_main, type_related, damage_mult_to, damage_mult_from)
VALUES  (7, 10, 0.5, 2), 
INSERT INTO Weaknesses_and_Strengths(type_main, type_related, damage_mult_to, damage_mult_from)
VALUES (7, 11, 2, 1), 
INSERT INTO Weaknesses_and_Strengths(type_main, type_related, damage_mult_to, damage_mult_from)
VALUES (7, 12, 1, 0.5), 
INSERT INTO Weaknesses_and_Strengths(type_main, type_related, damage_mult_to, damage_mult_from)
VALUES (7, 13, 1, 1), 
INSERT INTO Weaknesses_and_Strengths(type_main, type_related, damage_mult_to, damage_mult_from)
VALUES (7, 14, 2, 1), 
INSERT INTO Weaknesses_and_Strengths(type_main, type_related, damage_mult_to, damage_mult_from)
VALUES (7, 15, 1, 2), 
INSERT INTO Weaknesses_and_Strengths(type_main, type_related, damage_mult_to, damage_mult_from)
VALUES (7, 16, 1, 1), 
INSERT INTO Weaknesses_and_Strengths(type_main, type_related, damage_mult_to, damage_mult_from)
VALUES (7, 17, 1, 2), 
INSERT INTO Weaknesses_and_Strengths(type_main, type_related, damage_mult_to, damage_mult_from)
VALUES (7, 18, 0.5, 1);


INSERT INTO Weaknesses_and_Strengths (type_main, type_related, damage_mult_to, damage_mult_from) VALUES (8, 1, 0.0, 0.0);
INSERT INTO Weaknesses_and_Strengths (type_main, type_related, damage_mult_to, damage_mult_from) VALUES (8, 2, 0.0, 2.0);
INSERT INTO Weaknesses_and_Strengths (type_main, type_related, damage_mult_to, damage_mult_from) VALUES (8, 3, 0.5, 0.5);
INSERT INTO Weaknesses_and_Strengths (type_main, type_related, damage_mult_to, damage_mult_from) VALUES (8, 4, 0.5, 0.5);
INSERT INTO Weaknesses_and_Strengths (type_main, type_related, damage_mult_to, damage_mult_from) VALUES (8, 5, 0.5, 2.0);
INSERT INTO Weaknesses_and_Strengths (type_main, type_related, damage_mult_to, damage_mult_from) VALUES (8, 6, 2.0, 0.5);
INSERT INTO Weaknesses_and_Strengths (type_main, type_related, damage_mult_to, damage_mult_from) VALUES (8, 7, 0.5, 0.5);
INSERT INTO Weaknesses_and_Strengths (type_main, type_related, damage_mult_to, damage_mult_from) VALUES (8, 9, 0.5, 0.5);
INSERT INTO Weaknesses_and_Strengths (type_main, type_related, damage_mult_to, damage_mult_from) VALUES (8, 10, 0.5, 0.5);
INSERT INTO Weaknesses_and_Strengths (type_main, type_related, damage_mult_to, damage_mult_from) VALUES (8, 11, 0.5, 0.5);
INSERT INTO Weaknesses_and_Strengths (type_main, type_related, damage_mult_to, damage_mult_from) VALUES (8, 12, 0.5, 2.0);
INSERT INTO Weaknesses_and_Strengths (type_main, type_related, damage_mult_to, damage_mult_from) VALUES (8, 13, 0.5, 0.0);
INSERT INTO Weaknesses_and_Strengths (type_main, type_related, damage_mult_to, damage_mult_from) VALUES (8, 14, 0.5, 2.0);
INSERT INTO Weaknesses_and_Strengths (type_main, type_related, damage_mult_to, damage_mult_from) VALUES (8, 15, 2.0, 0.5);
INSERT INTO Weaknesses_and_Strengths (type_main, type_related, damage_mult_to, damage_mult_from) VALUES (8, 16, 0.5, 0.5);
INSERT INTO Weaknesses_and_Strengths (type_main, type_related, damage_mult_to, damage_mult_from) VALUES (8, 17, 2.0, 0.5);
INSERT INTO Weaknesses_and_Strengths (type_main, type_related, damage_mult_to, damage_mult_from) VALUES (8, 18, 0.5, 2.0);


INSERT INTO Weaknesses_and_Strengths(type_main, type_related, damage_mult_to, damage_mult_from) VALUES (9, 1, 0.5, 2);
INSERT INTO Weaknesses_and_Strengths(type_main, type_related, damage_mult_to, damage_mult_from) VALUES (9, 3, 0.5, 2);
INSERT INTO Weaknesses_and_Strengths(type_main, type_related, damage_mult_to, damage_mult_from) VALUES (9, 6, 0.5, 0.5);
INSERT INTO Weaknesses_and_Strengths(type_main, type_related, damage_mult_to, damage_mult_from) VALUES (9, 9, 0.5, 0.5);
INSERT INTO Weaknesses_and_Strengths(type_main, type_related, damage_mult_to, damage_mult_from) VALUES (9, 10, 0.5, 0.5);
INSERT INTO Weaknesses_and_Strengths(type_main, type_related, damage_mult_to, damage_mult_from) VALUES (9, 12, 0.5, 0.5);
INSERT INTO Weaknesses_and_Strengths(type_main, type_related, damage_mult_to, damage_mult_from) VALUES (9, 15, 0.5, 0.5);
INSERT INTO Weaknesses_and_Strengths(type_main, type_related, damage_mult_to, damage_mult_from) VALUES (9, 16, 0.5, 0.5);

INSERT INTO Weaknesses_and_Strengths(type_main, type_related, damage_mult_to, damage_mult_from) VALUES (9, 2, 2, 0.5);
INSERT INTO Weaknesses_and_Strengths(type_main, type_related, damage_mult_to, damage_mult_from) VALUES (9, 7, 2, 0.5);
INSERT INTO Weaknesses_and_Strengths(type_main, type_related, damage_mult_to, damage_mult_from) VALUES (9, 8, 2, 0);
INSERT INTO Weaknesses_and_Strengths(type_main, type_related, damage_mult_to, damage_mult_from) VALUES (9, 9, 2, 0.5);
INSERT INTO Weaknesses_and_Strengths(type_main, type_related, damage_mult_to, damage_mult_from) VALUES (9, 11, 2, 0.5);
INSERT INTO Weaknesses_and_Strengths(type_main, type_related, damage_mult_to, damage_mult_from) VALUES (9, 13, 2, 0.5);
INSERT INTO Weaknesses_and_Strengths(type_main, type_related, damage_mult_to, damage_mult_from) VALUES (9, 14, 2, 0.5);
INSERT INTO Weaknesses_and_Strengths(type_main, type_related, damage_mult_to, damage_mult_from) VALUES (9, 17, 2, 0.5);
INSERT INTO Weaknesses_and_Strengths(type_main, type_related, damage_mult_to, damage_mult_from) VALUES (9, 18, 2, 0.5);

INSERT INTO Weaknesses_and_Strengths(type_main, type_related, damage_mult_to, damage_mult_from) VALUES(10, 1, 1, 1);
INSERT INTO Weaknesses_and_Strengths(type_main, type_related, damage_mult_to, damage_mult_from) VALUES(10, 2, 1, 1);
INSERT INTO Weaknesses_and_Strengths(type_main, type_related, damage_mult_to, damage_mult_from) VALUES(10, 3, 1, 1);
INSERT INTO Weaknesses_and_Strengths(type_main, type_related, damage_mult_to, damage_mult_from) VALUES(10, 4, 1, 1);
INSERT INTO Weaknesses_and_Strengths(type_main, type_related, damage_mult_to, damage_mult_from) VALUES(10, 5, 1, 2);
INSERT INTO Weaknesses_and_Strengths(type_main, type_related, damage_mult_to, damage_mult_from) VALUES(10, 6, 2, 1);
INSERT INTO Weaknesses_and_Strengths(type_main, type_related, damage_mult_to, damage_mult_from) VALUES(10, 7, 1, 1);
INSERT INTO Weaknesses_and_Strengths(type_main, type_related, damage_mult_to, damage_mult_from) VALUES(10, 8, 1, 0.5);
INSERT INTO Weaknesses_and_Strengths(type_main, type_related, damage_mult_to, damage_mult_from) VALUES(10, 9, 2, 1);
INSERT INTO Weaknesses_and_Strengths(type_main, type_related, damage_mult_to, damage_mult_from) VALUES(10, 11, 0.5, 2);
INSERT INTO Weaknesses_and_Strengths(type_main, type_related, damage_mult_to, damage_mult_from) VALUES(10, 12, 2, 0.5);
INSERT INTO Weaknesses_and_Strengths(type_main, type_related, damage_mult_to, damage_mult_from) VALUES(10, 13, 1, 1);
INSERT INTO Weaknesses_and_Strengths(type_main, type_related, damage_mult_to, damage_mult_from) VALUES(10, 14, 1, 1);
INSERT INTO Weaknesses_and_Strengths(type_main, type_related, damage_mult_to, damage_mult_from) VALUES(10, 15, 1, 2);
INSERT INTO Weaknesses_and_Strengths(type_main, type_related, damage_mult_to, damage_mult_from) VALUES(10, 16, 0.5, 1);
INSERT INTO Weaknesses_and_Strengths(type_main, type_related, damage_mult_to, damage_mult_from) VALUES(10, 17, 1, 2);
INSERT INTO Weaknesses_and_Strengths(type_main, type_related, damage_mult_to, damage_mult_from) VALUES(10, 18, 1, 0.5);

INSERT INTO Weaknesses_and_Strengths(type_main, type_related, damage_mult_to, damage_mult_from) VALUES(11, 12, 2, 0.5)
INSERT INTO Weaknesses_and_Strengths(type_main, type_related, damage_mult_to, damage_mult_from) VALUES(11, 5, 2, 1)
INSERT INTO Weaknesses_and_Strengths(type_main, type_related, damage_mult_to, damage_mult_from) VALUES(11, 16, 0.5, 0.5)
INSERT INTO Weaknesses_and_Strengths(type_main, type_related, damage_mult_to, damage_mult_from) VALUES(11, 10, 0.5, 2)
INSERT INTO Weaknesses_and_Strengths(type_main, type_related, damage_mult_to, damage_mult_from) VALUES(11, 18, 1, 0.7)
INSERT INTO Weaknesses_and_Strengths(type_main, type_related, damage_mult_to, damage_mult_from) VALUES (11, 11, 2, 0.0)
INSERT INTO Weaknesses_and_Strengths(type_main, type_related, damage_mult_to, damage_mult_from) VALUES (11, 9, 0.7, 0.9)
INSERT INTO Weaknesses_and_Strengths(type_main, type_related, damage_mult_to, damage_mult_from) VALUES(11, 15, 2, 0.8)
INSERT INTO Weaknesses_and_Strengths(type_main, type_related, damage_mult_to, damage_mult_from) VALUES(11, 14, 2, 0.5)
INSERT INTO Weaknesses_and_Strengths(type_main, type_related, damage_mult_to, damage_mult_from) VALUES(11, 4, 2, 0.5)
INSERT INTO Weaknesses_and_Strengths(type_main, type_related, damage_mult_to, damage_mult_from) VALUES(11, 10, 1.5, 0.5)
INSERT INTO Weaknesses_and_Strengths(type_main, type_related, damage_mult_to, damage_mult_from) VALUES(11, 8, 1, 0.3)
INSERT INTO Weaknesses_and_Strengths(type_main, type_related, damage_mult_to, damage_mult_from) VALUES(11, 11, 0.5, 1)
INSERT INTO Weaknesses_and_Strengths(type_main, type_related, damage_mult_to, damage_mult_from) VALUES(11, 12, 0.5, 2)
INSERT INTO Weaknesses_and_Strengths(type_main, type_related, damage_mult_to, damage_mult_from) VALUES(11, 16, 0.5, 0.7)
INSERT INTO Weaknesses_and_Strengths(type_main, type_related, damage_mult_to, damage_mult_from) VALUES(11, 9, 0.5, 0.9)

INSERT INTO Weaknesses_and_Strengths(type_main, type_related, damage_mult_to, damage_mult_from) 
VALUES (12, 1, 1, 1.5);
INSERT INTO Weaknesses_and_Strengths(type_main, type_related, damage_mult_to, damage_mult_from) 
VALUES (12, 2, 0.5, 2);
INSERT INTO Weaknesses_and_Strengths(type_main, type_related, damage_mult_to, damage_mult_from) 
VALUES (12, 3, 1, 0.5);
INSERT INTO Weaknesses_and_Strengths(type_main, type_related, damage_mult_to, damage_mult_from) 
VALUES (12, 4, 0.5, 1);
INSERT INTO Weaknesses_and_Strengths(type_main, type_related, damage_mult_to, damage_mult_from) 
VALUES (12, 5, 2, 0.5);
INSERT INTO Weaknesses_and_Strengths(type_main, type_related, damage_mult_to, damage_mult_from) 
VALUES (12, 6, 0.5, 1);
INSERT INTO Weaknesses_and_Strengths(type_main, type_related, damage_mult_to, damage_mult_from) 
VALUES (12, 7, 1, 1);
INSERT INTO Weaknesses_and_Strengths(type_main, type_related, damage_mult_to, damage_mult_from) 
VALUES (12, 8, 1, 1);
INSERT INTO Weaknesses_and_Strengths(type_main, type_related, damage_mult_to, damage_mult_from) 
VALUES (12, 9, 0.5, 2);
INSERT INTO Weaknesses_and_Strengths(type_main, type_related, damage_mult_to, damage_mult_from) 
VALUES (12, 10, 2, 0.5);
INSERT INTO Weaknesses_and_Strengths(type_main, type_related, damage_mult_to, damage_mult_from) 
VALUES (12, 11, 2, 0.5);
INSERT INTO Weaknesses_and_Strengths(type_main, type_related, damage_mult_to, damage_mult_from) 
VALUES (12, 12, 0.5, 2);
INSERT INTO Weaknesses_and_Strengths(type_main, type_related, damage_mult_to, damage_mult_from) 
VALUES (12, 13, 1, 1);
INSERT INTO Weaknesses_and_Strengths(type_main, type_related, damage_mult_to, damage_mult_from) 
VALUES (12, 14, 1, 1);
INSERT INTO Weaknesses_and_Strengths(type_main, type_related, damage_mult_to, damage_mult_from) 
VALUES (12, 15, 1, 2);
INSERT INTO Weaknesses_and_Strengths(type_main, type_related, damage_mult_to, damage_mult_from) 
VALUES (12, 16, 1, 1);
INSERT INTO Weaknesses_and_Strengths(type_main, type_related, damage_mult_to, damage_mult_from) 
VALUES (12, 17, 1, 0.5);
INSERT INTO Weaknesses_and_Strengths(type_main, type_related, damage_mult_to, damage_mult_from) 
VALUES (12, 18, 1, 1.5);

-Combinación tipo eléctrico (13)
INSERT INTO Weaknesses_and_Strengths (type_main, type_related, damage_mult_to, damage_mult_from) VALUES (13, 2, 0.5, 1),
INSERT INTO Weaknesses_and_Strengths (type_main, type_related, damage_mult_to, damage_mult_from) 
VALUES (13, 1, 1, 1.5),
INSERT INTO Weaknesses_and_Strengths (type_main, type_related, damage_mult_to, damage_mult_from) 
VALUES (13, 3, 0.5, 2),
INSERT INTO Weaknesses_and_Strengths (type_main, type_related, damage_mult_to, damage_mult_from) 
VALUES (13, 4, 0.5, 1),
INSERT INTO Weaknesses_and_Strengths (type_main, type_related, damage_mult_to, damage_mult_from) 
VALUES (13, 5, 1, 1),
INSERT INTO Weaknesses_and_Strengths (type_main, type_related, damage_mult_to, damage_mult_from) 
VALUES (13, 6, 2, 0.5),
INSERT INTO Weaknesses_and_Strengths (type_main, type_related, damage_mult_to, damage_mult_from) 
VALUES (13, 7, 0.5, 0.5),
INSERT INTO Weaknesses_and_Strengths (type_main, type_related, damage_mult_to, damage_mult_from) 
VALUES (13, 8, 0, 1),
INSERT INTO Weaknesses_and_Strengths (type_main, type_related, damage_mult_to, damage_mult_from) 
VALUES (13, 9, 2, 0.5),
INSERT INTO Weaknesses_and_Strengths (type_main, type_related, damage_mult_to, damage_mult_from) 
VALUES (13, 10, 1, 0.5),
INSERT INTO Weaknesses_and_Strengths (type_main, type_related, damage_mult_to, damage_mult_from) 
VALUES (13, 11, 1, 2),
INSERT INTO Weaknesses_and_Strengths (type_main, type_related, damage_mult_to, damage_mult_from) 
VALUES (13, 12, 0.5, 0.5),
INSERT INTO Weaknesses_and_Strengths (type_main, type_related, damage_mult_to, damage_mult_from) 
VALUES (13, 13, 1, 1),
INSERT INTO Weaknesses_and_Strengths (type_main, type_related, damage_mult_to, damage_mult_from) 
VALUES (13, 14, 1, 1),
INSERT INTO Weaknesses_and_Strengths (type_main, type_related, damage_mult_to, damage_mult_from) 
VALUES (13, 15, 1, 1),
INSERT INTO Weaknesses_and_Strengths (type_main, type_related, damage_mult_to, damage_mult_from) 
VALUES (13, 16, 2, 1),
INSERT INTO Weaknesses_and_Strengths (type_main, type_related, damage_mult_to, damage_mult_from) 
VALUES (13, 17, 0.5, 0.5),
INSERT INTO Weaknesses_and_Strengths (type_main, type_related, damage_mult_to, damage_mult_from) 
VALUES (13, 18, 1, 2);

INSERT INTO Weaknesses_and_Strengths (type_main, type_related, damage_mult_to, damage_mult_from) VALUES (14, 1, 0.0, 0.0);
INSERT INTO Weaknesses_and_Strengths (type_main, type_related, damage_mult_to, damage_mult_from) VALUES (14, 2, 0.0, 2.0);
INSERT INTO Weaknesses_and_Strengths (type_main, type_related, damage_mult_to, damage_mult_from) VALUES (14, 3, 0.5, 0.5);
INSERT INTO Weaknesses_and_Strengths (type_main, type_related, damage_mult_to, damage_mult_from) VALUES (14, 4, 0.5, 0.5);
INSERT INTO Weaknesses_and_Strengths (type_main, type_related, damage_mult_to, damage_mult_from) VALUES (14, 5, 0.5, 2.0);
INSERT INTO Weaknesses_and_Strengths (type_main, type_related, damage_mult_to, damage_mult_from) VALUES (14, 6, 2.0, 0.5);
INSERT INTO Weaknesses_and_Strengths (type_main, type_related, damage_mult_to, damage_mult_from) VALUES (14, 7, 0.5, 0.5);
INSERT INTO Weaknesses_and_Strengths (type_main, type_related, damage_mult_to, damage_mult_from) VALUES (14, 9, 0.5, 0.5);
INSERT INTO Weaknesses_and_Strengths (type_main, type_related, damage_mult_to, damage_mult_from) VALUES (14, 10, 0.5, 0.5);
INSERT INTO Weaknesses_and_Strengths (type_main, type_related, damage_mult_to, damage_mult_from) VALUES (14, 11, 0.5, 0.5);
INSERT INTO Weaknesses_and_Strengths (type_main, type_related, damage_mult_to, damage_mult_from) VALUES (14, 12, 0.5, 2.0);
INSERT INTO Weaknesses_and_Strengths (type_main, type_related, damage_mult_to, damage_mult_from) VALUES (14, 13, 0.5, 0.0);
INSERT INTO Weaknesses_and_Strengths (type_main, type_related, damage_mult_to, damage_mult_from) VALUES (14, 14, 0.5, 2.0);
INSERT INTO Weaknesses_and_Strengths (type_main, type_related, damage_mult_to, damage_mult_from) VALUES (14, 15, 2.0, 0.5);
INSERT INTO Weaknesses_and_Strengths (type_main, type_related, damage_mult_to, damage_mult_from) VALUES (14, 16, 0.5, 0.5);
INSERT INTO Weaknesses_and_Strengths (type_main, type_related, damage_mult_to, damage_mult_from) VALUES (14, 17, 2.0, 0.5);
INSERT INTO Weaknesses_and_Strengths (type_main, type_related, damage_mult_to, damage_mult_from) VALUES (14, 18, 0.5, 2.0);

INSERT INTO Weaknesses_and_Strengths(type_main, type_related, damage_mult_to, damage_mult_from) VALUES(15, 12, 2, 0.5)
INSERT INTO Weaknesses_and_Strengths(type_main, type_related, damage_mult_to, damage_mult_from) VALUES(15, 5, 2, 1)
INSERT INTO Weaknesses_and_Strengths(type_main, type_related, damage_mult_to, damage_mult_from) VALUES(15, 16, 0.5, 0.5)
INSERT INTO Weaknesses_and_Strengths(type_main, type_related, damage_mult_to, damage_mult_from) VALUES(15, 10, 0.5, 2)
INSERT INTO Weaknesses_and_Strengths(type_main, type_related, damage_mult_to, damage_mult_from) VALUES(15, 18, 1, 0.7)
INSERT INTO Weaknesses_and_Strengths(type_main, type_related, damage_mult_to, damage_mult_from) VALUES (15, 11, 2, 0.0)
INSERT INTO Weaknesses_and_Strengths(type_main, type_related, damage_mult_to, damage_mult_from) VALUES (15, 9, 0.7, 0.9)
INSERT INTO Weaknesses_and_Strengths(type_main, type_related, damage_mult_to, damage_mult_from) VALUES(15, 15, 2, 0.8)
INSERT INTO Weaknesses_and_Strengths(type_main, type_related, damage_mult_to, damage_mult_from) VALUES(15, 14, 2, 0.5)
INSERT INTO Weaknesses_and_Strengths(type_main, type_related, damage_mult_to, damage_mult_from) VALUES(15, 4, 2, 0.5)
INSERT INTO Weaknesses_and_Strengths(type_main, type_related, damage_mult_to, damage_mult_from) VALUES(15, 10, 1.5, 0.5)
INSERT INTO Weaknesses_and_Strengths(type_main, type_related, damage_mult_to, damage_mult_from) VALUES(15, 8, 1, 0.3)
INSERT INTO Weaknesses_and_Strengths(type_main, type_related, damage_mult_to, damage_mult_from) VALUES(15, 11, 0.5, 1)
INSERT INTO Weaknesses_and_Strengths(type_main, type_related, damage_mult_to, damage_mult_from) VALUES(15, 12, 0.5, 2)
INSERT INTO Weaknesses_and_Strengths(type_main, type_related, damage_mult_to, damage_mult_from) VALUES(15, 16, 0.5, 0.7)
INSERT INTO Weaknesses_and_Strengths(type_main, type_related, damage_mult_to, damage_mult_from) VALUES(15, 9, 0.5, 0.9)

INSERT INTO Weaknesses_and_Strengths (type_main, type_related, damage_mult_to, damage_mult_from) VALUES (16, 2, 0.5, 1)
INSERT INTO Weaknesses_and_Strengths (type_main, type_related, damage_mult_to, damage_mult_from) 
VALUES (16, 1, 1, 1.5),
INSERT INTO Weaknesses_and_Strengths (type_main, type_related, damage_mult_to, damage_mult_from) 
VALUES (16, 3, 0.5, 2),
INSERT INTO Weaknesses_and_Strengths (type_main, type_related, damage_mult_to, damage_mult_from) 
VALUES (16, 4, 0.5, 1),
INSERT INTO Weaknesses_and_Strengths (type_main, type_related, damage_mult_to, damage_mult_from) 
VALUES (16, 5, 1, 1),
INSERT INTO Weaknesses_and_Strengths (type_main, type_related, damage_mult_to, damage_mult_from) 
VALUES (16, 6, 2, 0.5),
INSERT INTO Weaknesses_and_Strengths (type_main, type_related, damage_mult_to, damage_mult_from) 
VALUES (16, 7, 0.5, 0.5),
INSERT INTO Weaknesses_and_Strengths (type_main, type_related, damage_mult_to, damage_mult_from) 
VALUES (16, 8, 0, 1),
INSERT INTO Weaknesses_and_Strengths (type_main, type_related, damage_mult_to, damage_mult_from) 
VALUES (16, 9, 2, 0.5),
INSERT INTO Weaknesses_and_Strengths (type_main, type_related, damage_mult_to, damage_mult_from) 
VALUES (16, 10, 1, 0.5),
INSERT INTO Weaknesses_and_Strengths (type_main, type_related, damage_mult_to, damage_mult_from) 
VALUES (16, 11, 1, 2),
INSERT INTO Weaknesses_and_Strengths (type_main, type_related, damage_mult_to, damage_mult_from) 
VALUES (16, 12, 0.5, 0.5),
INSERT INTO Weaknesses_and_Strengths (type_main, type_related, damage_mult_to, damage_mult_from) 
VALUES (16, 13, 1, 1),
INSERT INTO Weaknesses_and_Strengths (type_main, type_related, damage_mult_to, damage_mult_from) 
VALUES (16, 14, 1, 1),
INSERT INTO Weaknesses_and_Strengths (type_main, type_related, damage_mult_to, damage_mult_from) 
VALUES (16, 15, 1, 1),
INSERT INTO Weaknesses_and_Strengths (type_main, type_related, damage_mult_to, damage_mult_from) 
VALUES (16, 16, 2, 1),
INSERT INTO Weaknesses_and_Strengths (type_main, type_related, damage_mult_to, damage_mult_from) 
VALUES (16, 17, 0.5, 0.5),
INSERT INTO Weaknesses_and_Strengths (type_main, type_related, damage_mult_to, damage_mult_from) 
VALUES (16, 18, 1, 2);


INSERT INTO Weaknesses_and_Strengths (type_main, type_related, damage_mult_to, damage_mult_from)
VALUES (17, 4, 0.5, 0.5);
INSERT INTO Weaknesses_and_Strengths (type_main, type_related, damage_mult_to, damage_mult_from)
VALUES (17, 5, 2.0, 0.5);
INSERT INTO Weaknesses_and_Strengths (type_main, type_related, damage_mult_to, damage_mult_from)
VALUES (17, 6, 1.0, 0.5);
INSERT INTO Weaknesses_and_Strengths (type_main, type_related, damage_mult_to, damage_mult_from)
VALUES (17, 7, 0.5, 1.0);
INSERT INTO Weaknesses_and_Strengths (type_main, type_related, damage_mult_to, damage_mult_from)
VALUES (17, 8, 0.5, 0.0)
INSERT INTO Weaknesses_and_Strengths (type_main, type_related, damage_mult_to, damage_mult_from)
VALUES (17, 9, 0.0, 1.0);
INSERT INTO Weaknesses_and_Strengths (type_main, type_related, damage_mult_to, damage_mult_from)
VALUES (17, 10, 1.0, 1.0);
INSERT INTO Weaknesses_and_Strengths (type_main, type_related, damage_mult_to, damage_mult_from)
VALUES (17, 11, 1.0, 2.0);
INSERT INTO Weaknesses_and_Strengths (type_main, type_related, damage_mult_to, damage_mult_from)
VALUES (17, 12, 2.0, 0.5);
INSERT INTO Weaknesses_and_Strengths (type_main, type_related, damage_mult_to, damage_mult_from)
VALUES (17, 13, 1.0, 1.0);
INSERT INTO Weaknesses_and_Strengths (type_main, type_related, damage_mult_to, damage_mult_from)
VALUES (17, 14, 2.0, 1.0);
INSERT INTO Weaknesses_and_Strengths (type_main, type_related, damage_mult_to, damage_mult_from)
VALUES (17, 15, 1.0, 1.0);
INSERT INTO Weaknesses_and_Strengths (type_main, type_related, damage_mult_to, damage_mult_from)
VALUES (17, 16, 2.0, 0.5);
INSERT INTO Weaknesses_and_Strengths (type_main, type_related, damage_mult_to, damage_mult_from)
VALUES (17, 17, 1.0, 0.6);
INSERT INTO Weaknesses_and_Strengths (type_main, type_related, damage_mult_to, damage_mult_from)
VALUES (17, 18, 0.5, 1.5);




INSERT INTO Weaknesses_and_Strengths (type_main, type_related, damage_mult_to, damage_mult_from) 
VALUES (18, 1, 1, 1.00);

INSERT INTO Weaknesses_and_Strengths (type_main, type_related, damage_mult_to, damage_mult_from) 
VALUES (18, 2, 0.5, 2.00);

INSERT INTO Weaknesses_and_Strengths (type_main, type_related, damage_mult_to, damage_mult_from) 
VALUES (18, 4, 1, 0.50);

INSERT INTO Weaknesses_and_Strengths (type_main, type_related, damage_mult_to, damage_mult_from) 
VALUES (18, 5, 0, 2.00);

INSERT INTO Weaknesses_and_Strengths (type_main, type_related, damage_mult_to, damage_mult_from) 
VALUES (18, 6, 0.5, 2.00);

INSERT INTO Weaknesses_and_Strengths (type_main, type_related, damage_mult_to, damage_mult_from) 
VALUES (18, 7, 2, 0.50);

INSERT INTO Weaknesses_and_Strengths (type_main, type_related, damage_mult_to, damage_mult_from) 
VALUES (18, 8, 0.5, 0.00);

INSERT INTO Weaknesses_and_Strengths (type_main, type_related, damage_mult_to, damage_mult_from) 
VALUES (18, 9, 0.5, 0.50);

INSERT INTO Weaknesses_and_Strengths (type_main, type_related, damage_mult_to, damage_mult_from) 
VALUES (18, 10, 1, 1.00);

INSERT INTO Weaknesses_and_Strengths (type_main, type_related, damage_mult_to, damage_mult_from) 
VALUES (18, 11, 1, 0.50);

INSERT INTO Weaknesses_and_Strengths (type_main, type_related, damage_mult_to, damage_mult_from) 
VALUES (18, 12, 0.5, 2.00);

INSERT INTO Weaknesses_and_Strengths (type_main, type_related, damage_mult_to, damage_mult_from) 
VALUES (18, 13, 2, 0.50);

INSERT INTO Weaknesses_and_Strengths (type_main, type_related, damage_mult_to, damage_mult_from) 
VALUES (18, 14, 1, 1.00);

INSERT INTO Weaknesses_and_Strengths (type_main, type_related, damage_mult_to, damage_mult_from) 
VALUES (18, 15, 1, 1.00);

INSERT INTO Weaknesses_and_Strengths (type_main, type_related, damage_mult_to, damage_mult_from) 
VALUES (18, 16, 2, 0.50);

INSERT INTO Weaknesses_and_Strengths (type_main, type_related, damage_mult_to, damage_mult_from) 
VALUES (18, 17, 0.5, 2.00);

INSERT INTO Weaknesses_and_Strengths (type_main, type_related, damage_mult_to, damage_mult_from) 
VALUES (18, 18, 1, 1.00);

INSERT INTO Weaknesses_and_Strengths (type_main, type_related, damage_mult_to, damage_mult_from)
VALUES (18, 1, 1.0, 1.0);

INSERT INTO Weaknesses_and_Strengths (type_main, type_related, damage_mult_to, damage_mult_from)
VALUES (18, 2, 0.5, 2.0);

INSERT INTO Pokedex (ID, name, region) VALUES (3, 'Venusaur', 1);
INSERT INTO Pokedex (ID, name, region) VALUES (45, 'Vileplume', 1);
INSERT INTO Pokedex (ID, name, region) VALUES (53, 'Persian', 1);
INSERT INTO Pokedex (ID, name, region) VALUES (69, 'Bellsprout', 1);
INSERT INTO Pokedex (ID, name, region) VALUES (84, 'Doduo', 1);
INSERT INTO Pokedex (ID, name, region) VALUES (97, 'Hypno', 1);
INSERT INTO Pokedex (ID, name, region) VALUES (111, 'Rhyhorn', 1);
INSERT INTO Pokedex (ID, name, region) VALUES (120, 'Staryu', 1);
INSERT INTO Pokedex (ID, name, region) VALUES (133, 'Eevee', 1);
INSERT INTO Pokedex (ID, name, region) VALUES (148, 'Dragonair', 1);
INSERT INTO Pokedex (ID, name, region) VALUES (161, 'Sentret', 2);
INSERT INTO Pokedex (ID, name, region) VALUES (178, 'Xatu', 2);
INSERT INTO Pokedex (ID, name, region) VALUES (183, 'Marill', 2);
INSERT INTO Pokedex (ID, name, region) VALUES (194, 'Wooper', 2);
INSERT INTO Pokedex (ID, name, region) VALUES (208, 'Steelix', 2);
INSERT INTO Pokedex (ID, name, region) VALUES (221, 'Piloswine', 2);
INSERT INTO Pokedex (ID, name, region) VALUES (234, 'Stantler', 2);
INSERT INTO Pokedex (ID, name, region) VALUES (249, 'Lugia', 2);
INSERT INTO Pokedex (ID, name, region) VALUES (262, 'Mightyena', 3);
INSERT INTO Pokedex (ID, name, region) VALUES (277, 'Swellow', 3);
INSERT INTO Pokedex (ID, name, region) VALUES (292, 'Shedinja', 3);
INSERT INTO Pokedex (ID, name, region) VALUES (304, 'Aron', 3);
INSERT INTO Pokedex (ID, name, region) VALUES (318, 'Carvanha', 3);
INSERT INTO Pokedex (ID, name, region) VALUES (332, 'Cacturne', 3);
INSERT INTO Pokedex (ID, name, region) VALUES (345, 'Lileep', 3);
INSERT INTO Pokedex (ID, name, region) VALUES (359, 'Absol', 3);
INSERT INTO Pokedex (ID, name, region) VALUES (376, 'Metagross', 3);
INSERT INTO Pokedex (ID, name, region) VALUES (389, 'Torterra', 4);
INSERT INTO Pokedex (ID, name, region) VALUES (397, 'Staravia', 4);
INSERT INTO Pokedex (ID, name, region) VALUES (411, 'Bastiodon', 4);
INSERT INTO Pokedex (ID, name, region) VALUES (425, 'Drifloon', 4);
INSERT INTO Pokedex (ID, name, region) VALUES (440, 'Happiny', 4);
INSERT INTO Pokedex (ID, name, region) VALUES (460, 'Abomasnow', 4);
INSERT INTO Pokedex (ID, name, region) VALUES (390, 'Chimchar', 4);
INSERT INTO Pokedex (ID, name, region) VALUES (421, 'Cherrim', 4);
INSERT INTO Pokedex (ID, name, region) VALUES (441, 'Chatot', 4);
INSERT INTO Pokedex (ID, name, region) VALUES (443, 'Gible', 4);
INSERT INTO Pokedex (ID, name, region) VALUES (444, 'Gabite', 4);
INSERT INTO Pokedex (ID, name, region) VALUES (445, 'Garchomp', 4);
INSERT INTO Pokedex (ID, name, region) VALUES (403, 'Shinx', 4);
INSERT INTO Pokedex (ID, name, region) VALUES (404, 'Luxio', 4);
INSERT INTO Pokedex (ID, name, region) VALUES (405, 'Luxray', 4);
INSERT INTO Pokedex (ID, name, region) VALUES (406, 'Budew', 4);
INSERT INTO Pokedex (ID, name, region) VALUES (407, 'Roserade', 4);
INSERT INTO Pokedex (ID, name, region) VALUES (424, 'Ambipom', 4);
INSERT INTO Pokedex (ID, name, region) VALUES (408, 'Cranidos', 4);
INSERT INTO Pokedex (ID, name, region) VALUES (409, 'Rampardos', 4);
INSERT INTO Pokedex (ID, name, region) VALUES (417, 'Pachirisu', 4);
INSERT INTO Pokedex (ID, name, region) VALUES (416, 'Vespiquen', 4);
INSERT INTO Pokedex (ID, name, region) VALUES (413, 'Wormadam', 4);
INSERT INTO Pokedex (ID, name, region) VALUES (414, 'Mothim', 4);
INSERT INTO Pokedex (ID, name, region) VALUES (387, 'Turtwig', 4);
INSERT INTO Pokedex (ID, name, region) VALUES (388, 'Grotle', 4);
INSERT INTO Pokedex (ID, name, region) VALUES (391, 'Monferno', 4);
INSERT INTO Pokedex (ID, name, region) VALUES (392, 'Infernape', 4);
INSERT INTO Pokedex (ID, name, region) VALUES (393, 'Piplup', 4);
INSERT INTO Pokedex (ID, name, region) VALUES (394, 'Prinplup', 4);
INSERT INTO Pokedex (ID, name, region) VALUES (395, 'Empoleon', 4);
INSERT INTO Pokedex (ID, name, region) VALUES (396, 'Starly', 4);
INSERT INTO Pokedex (ID, name, region) VALUES (398, 'Staraptor', 4);
INSERT INTO Pokedex (ID, name, region) VALUES (399, 'Bidoof', 4);
INSERT INTO Pokedex (ID, name, region) VALUES (494, 'Victini', 5);
INSERT INTO Pokedex (ID, name, region) VALUES (518, 'Musharna', 5);
INSERT INTO Pokedex (ID, name, region) VALUES (551, 'Sandile', 5);
INSERT INTO Pokedex (ID, name, region) VALUES (641, 'Tornadus', 5);
INSERT INTO Pokedex (ID, name, region) VALUES (650, 'Chespin', 6);
INSERT INTO Pokedex (ID, name, region) VALUES (678, 'Meowstic', 6);
INSERT INTO Pokedex (ID, name, region) VALUES (701, 'Hawlucha', 6);
INSERT INTO Pokedex (ID, name, region) VALUES (719, 'Diancie', 6);
INSERT INTO Pokedex (ID, name, region) VALUES (722, 'Rowlet', 7);
INSERT INTO Pokedex (ID, name, region) VALUES (748, 'Toxapex', 7);
INSERT INTO Pokedex (ID, name, region) VALUES (765, 'Oranguru', 7);
INSERT INTO Pokedex (ID, name, region) VALUES (789, 'Cosmog', 7);
INSERT INTO Pokedex (ID, name, region) VALUES (803, 'Poipole', 8);
INSERT INTO Pokedex (ID, name, region) VALUES (821, 'Rookidee', 8);
INSERT INTO Pokedex (ID, name, region) VALUES (839, 'Eiscue', 8);
INSERT INTO Pokedex (ID, name, region) VALUES (863, 'Perrserker', 8);

INSERT INTO Move (name, power, accuracy, type) VALUES ('Tackle', 40, 100, 1);
INSERT INTO Move (name, power, accuracy, type) VALUES ('Scratch', 40, 100, 1);
INSERT INTO Move (name, power, accuracy, type) VALUES ('Ember', 40, 100, 10);
INSERT INTO Move (name, power, accuracy, type) VALUES ('Water Gun', 40, 100, 11);
INSERT INTO Move (name, power, accuracy, type) VALUES ('Vine Whip', 45, 100, 12);
INSERT INTO Move (name, power, accuracy, type) VALUES ('Thunder Shock', 40, 100, 13);
INSERT INTO Move (name, power, accuracy, type) VALUES ('Gust', 40, 100, 3);
INSERT INTO Move (name, power, accuracy, type) VALUES ('Psybeam', 65, 100, 14);
INSERT INTO Move (name, power, accuracy, type) VALUES ('Poison Sting', 15, 100, 4);
INSERT INTO Move (name, power, accuracy, type) VALUES ('Peck', 35, 100, 3);
INSERT INTO Move (name, power, accuracy, type) VALUES ('Leech Seed', 0, 90, 12);
INSERT INTO Move (name, power, accuracy, type) VALUES ('Confusion', 50, 100, 14);
INSERT INTO Move (name, power, accuracy, type) VALUES ('Quick Attack', 40, 100, 1);
INSERT INTO Move (name, power, accuracy, type) VALUES ('Thunderbolt', 90, 100, 13);
INSERT INTO Move (name, power, accuracy, type) VALUES ('Flamethrower', 90, 100, 10);
INSERT INTO Move (name, power, accuracy, type) VALUES ('Hydro Pump', 110, 80, 11);
INSERT INTO Move (name, power, accuracy, type) VALUES ('Earthquake', 100, 100, 5);
INSERT INTO Move (name, power, accuracy, type) VALUES ('Rock Slide', 75, 90, 6);
INSERT INTO Move (name, power, accuracy, type) VALUES ('Solar Beam', 120, 100, 12);
INSERT INTO Move (name, power, accuracy, type) VALUES ('Thunder', 110, 70, 13);
INSERT INTO Move (name, power, accuracy, type) VALUES ('Ice Beam', 90, 100, 15);
INSERT INTO Move (name, power, accuracy, type) VALUES ('Dragon Rage', 0, 100, 16);
INSERT INTO Move (name, power, accuracy, type) VALUES ('Dark Pulse', 80, 100, 17);
INSERT INTO Move (name, power, accuracy, type) VALUES ('Fairy Wind', 40, 100, 18);
INSERT INTO Move (name, power, accuracy, type) VALUES ('Aqua Tail', 90, 90, 11);
INSERT INTO Move (name, power, accuracy, type) VALUES ('Fire Punch', 75, 100, 10);
INSERT INTO Move (name, power, accuracy, type) VALUES ('Ice Punch', 75, 100, 15);
INSERT INTO Move (name, power, accuracy, type) VALUES ('Thunder Punch', 75, 100, 13);
INSERT INTO Move (name, power, accuracy, type) VALUES ('Body Slam', 85, 100, 1);
INSERT INTO Move (name, power, accuracy, type) VALUES ('Dynamic Punch', 100, 50, 2);
INSERT INTO Move (name, power, accuracy, type) VALUES ('Cross Chop', 100, 80, 2);
INSERT INTO Move (name, power, accuracy, type) VALUES ('Air Slash', 75, 95, 3);
INSERT INTO Move (name, power, accuracy, type) VALUES ('Sky Attack', 140, 90, 3);
INSERT INTO Move (name, power, accuracy, type) VALUES ('Sludge Bomb', 90, 100, 4);
INSERT INTO Move (name, power, accuracy, type) VALUES ('Acid', 40, 100, 4);
INSERT INTO Move (name, power, accuracy, type) VALUES ('Bulldoze', 60, 100, 5);
INSERT INTO Move (name, power, accuracy, type) VALUES ('Dig', 80, 100, 5);
INSERT INTO Move (name, power, accuracy, type) VALUES ('Stone Edge', 100, 80, 6);
INSERT INTO Move (name, power, accuracy, type) VALUES ('Rock Tomb', 60, 95, 6);
INSERT INTO Move (name, power, accuracy, type) VALUES ('X-Scissor', 80, 100, 7);
INSERT INTO Move (name, power, accuracy, type) VALUES ('Bug Buzz', 90, 100, 7);
INSERT INTO Move (name, power, accuracy, type) VALUES ('Shadow Ball', 80, 100, 8);
INSERT INTO Move (name, power, accuracy, type) VALUES ('Night Shade', 0, 100, 8);
INSERT INTO Move (name, power, accuracy, type) VALUES ('Iron Head', 80, 100, 9);
INSERT INTO Move (name, power, accuracy, type) VALUES ('Flash Cannon', 80, 100, 9);
INSERT INTO Move (name, power, accuracy, type) VALUES ('Flame Charge', 50, 100, 10);
INSERT INTO Move (name, power, accuracy, type) VALUES ('Fire Blast', 110, 85, 10);
INSERT INTO Move (name, power, accuracy, type) VALUES ('Bubble Beam', 65, 100, 11);
INSERT INTO Move (name, power, accuracy, type) VALUES ('Hydro Cannon', 150, 90, 11);
INSERT INTO Move (name, power, accuracy, type) VALUES ('Razor Leaf', 55, 95, 12);
INSERT INTO Move (name, power, accuracy, type) VALUES ('Bullet Seed', 25, 100, 12);
INSERT INTO Move (name, power, accuracy, type) VALUES ('Thunder Wave', 0, 90, 13);
INSERT INTO Move (name, power, accuracy, type) VALUES ('Zap Cannon', 120, 50, 13);
INSERT INTO Move (name, power, accuracy, type) VALUES ('Psychic', 90, 100, 14);
INSERT INTO Move (name, power, accuracy, type) VALUES ('Icy Wind', 55, 95, 15);

INSERT INTO Pokemon (nickname, trainer, pokedex_entry) VALUES ('Sparky', 12, 3);
INSERT INTO Pokemon (nickname, trainer, pokedex_entry) VALUES ('Blaze', 7, 45);
INSERT INTO Pokemon (nickname, trainer, pokedex_entry) VALUES ('Aqua', 33, 53);
INSERT INTO Pokemon (nickname, trainer, pokedex_entry) VALUES ('Specter', 21, 69);
INSERT INTO Pokemon (nickname, trainer, pokedex_entry) VALUES ('Duo', 48, 84);
INSERT INTO Pokemon (nickname, trainer, pokedex_entry) VALUES ('Hypnotic', 9, 97);
INSERT INTO Pokemon (nickname, trainer, pokedex_entry) VALUES ('Queenie', 17, 111);
INSERT INTO Pokemon (nickname, trainer, pokedex_entry) VALUES ('Star', 24, 120);
INSERT INTO Pokemon (nickname, trainer, pokedex_entry) VALUES ('Eon', 1, 133);
INSERT INTO Pokemon (nickname, trainer, pokedex_entry) VALUES ('Serpent', 36, 148);
INSERT INTO Pokemon (nickname, trainer, pokedex_entry) VALUES ('Furret', 44, 161);
INSERT INTO Pokemon (nickname, trainer, pokedex_entry) VALUES ('Thunder', 20, 178);
INSERT INTO Pokemon (nickname, trainer, pokedex_entry) VALUES ('Aqua', 8, 183);
INSERT INTO Pokemon (nickname, trainer, pokedex_entry) VALUES ('Marshmallow', 25, 194);
INSERT INTO Pokemon (nickname, trainer, pokedex_entry) VALUES ('Tusk', 3, 208);
INSERT INTO Pokemon (nickname, trainer, pokedex_entry) VALUES ('Moo', 47, 221);
INSERT INTO Pokemon (nickname, trainer, pokedex_entry) VALUES ('Artiste', 40, 234);
INSERT INTO Pokemon (nickname, trainer, pokedex_entry) VALUES ('Wing', 13, 249);
INSERT INTO Pokemon (nickname, trainer, pokedex_entry) VALUES ('Speedy', 19, 262);
INSERT INTO Pokemon (nickname, trainer, pokedex_entry) VALUES ('Drill', 4, 277);
INSERT INTO Pokemon (nickname, trainer, pokedex_entry) VALUES ('Shadow', 28, 292);
INSERT INTO Pokemon (nickname, trainer, pokedex_entry) VALUES ('Psychic', 32, 304);
INSERT INTO Pokemon (nickname, trainer, pokedex_entry) VALUES ('Sandstorm', 11, 318);
INSERT INTO Pokemon (nickname, trainer, pokedex_entry) VALUES ('Aura', 10, 332);
INSERT INTO Pokemon (nickname, trainer, pokedex_entry) VALUES ('Fluffy', 49, 345);
INSERT INTO Pokemon (nickname, trainer, pokedex_entry) VALUES ('Magnet', 30, 359);
INSERT INTO Pokemon (nickname, trainer, pokedex_entry) VALUES ('Steel', 41, 376);
INSERT INTO Pokemon (nickname, trainer, pokedex_entry) VALUES ('Vine', 14, 389);
INSERT INTO Pokemon (nickname, trainer, pokedex_entry) VALUES ('Blaze', 18, 397);
INSERT INTO Pokemon (nickname, trainer, pokedex_entry) VALUES ('Shield', 23, 411);
INSERT INTO Pokemon (nickname, trainer, pokedex_entry) VALUES ('Dragon', 25, 425);
INSERT INTO Pokemon (nickname, trainer, pokedex_entry) VALUES ('Power', 33, 440);
INSERT INTO Pokemon (nickname, trainer, pokedex_entry) VALUES ('Spike', 6, 460);
INSERT INTO Pokemon (nickname, trainer, pokedex_entry) VALUES ('Whirlwind', 35, 390);
INSERT INTO Pokemon (nickname, trainer, pokedex_entry) VALUES ('Toxic', 38, 421);
INSERT INTO Pokemon (nickname, trainer, pokedex_entry) VALUES ('Thunder', 42, 441);
INSERT INTO Pokemon (nickname, trainer, pokedex_entry) VALUES ('Spike', 50, 443);
INSERT INTO Pokemon (nickname, trainer, pokedex_entry) VALUES ('Claw', 29, 444);
INSERT INTO Pokemon (nickname, trainer, pokedex_entry) VALUES ('Shocker', 27, 445);
INSERT INTO Pokemon (nickname, trainer, pokedex_entry) VALUES ('Gecko', 15, 403);
INSERT INTO Pokemon (nickname, trainer, pokedex_entry) VALUES ('Frost', 22, 404);
INSERT INTO Pokemon (nickname, trainer, pokedex_entry) VALUES ('Inferno', 16, 405);
INSERT INTO Pokemon (nickname, trainer, pokedex_entry) VALUES ('Hydro', 45, 406);
INSERT INTO Pokemon (nickname, trainer, pokedex_entry) VALUES ('Electric', 31, 407);
INSERT INTO Pokemon (nickname, trainer, pokedex_entry) VALUES ('Pumpkin', 46, 424);
INSERT INTO Pokemon (nickname, trainer, pokedex_entry) VALUES ('Crystal', 39, 408);
INSERT INTO Pokemon (nickname, trainer, pokedex_entry) VALUES ('Rock', 43, 409);
INSERT INTO Pokemon (nickname, trainer, pokedex_entry) VALUES ('Psycho', 26, 417);
INSERT INTO Pokemon (nickname, trainer, pokedex_entry) VALUES ('Razor', 34, 416);
INSERT INTO Pokemon (nickname, trainer, pokedex_entry) VALUES ('Storm', 5, 413);
INSERT INTO Pokemon (nickname, trainer, pokedex_entry) VALUES ('Angel', 37, 414);
INSERT INTO Pokemon (nickname, trainer, pokedex_entry) VALUES ('Fire', 2, 387);

INSERT INTO Have_Type (pokemon_pokedex_no, type) VALUES (3, 12);
INSERT INTO Have_Type (pokemon_pokedex_no, type) VALUES (3, 4);
INSERT INTO Have_Type (pokemon_pokedex_no, type) VALUES (45, 12);
INSERT INTO Have_Type (pokemon_pokedex_no, type) VALUES (45, 4);
INSERT INTO Have_Type (pokemon_pokedex_no, type) VALUES (53, 1);
INSERT INTO Have_Type (pokemon_pokedex_no, type) VALUES (69, 12);
INSERT INTO Have_Type (pokemon_pokedex_no, type) VALUES (69, 4);
INSERT INTO Have_Type (pokemon_pokedex_no, type) VALUES (84, 1);
INSERT INTO Have_Type (pokemon_pokedex_no, type) VALUES (84, 3);
INSERT INTO Have_Type (pokemon_pokedex_no, type) VALUES (97, 14);
INSERT INTO Have_Type (pokemon_pokedex_no, type) VALUES (111, 5);
INSERT INTO Have_Type (pokemon_pokedex_no, type) VALUES (111, 6);
INSERT INTO Have_Type (pokemon_pokedex_no, type) VALUES (120, 11);
INSERT INTO Have_Type (pokemon_pokedex_no, type) VALUES (133, 1);
INSERT INTO Have_Type (pokemon_pokedex_no, type) VALUES (148, 16);
INSERT INTO Have_Type (pokemon_pokedex_no, type) VALUES (161, 1);
INSERT INTO Have_Type (pokemon_pokedex_no, type) VALUES (178, 14); 
INSERT INTO Have_Type (pokemon_pokedex_no, type) VALUES (178, 3);
INSERT INTO Have_Type (pokemon_pokedex_no, type) VALUES (183, 18);
INSERT INTO Have_Type (pokemon_pokedex_no, type) VALUES (183, 11);
INSERT INTO Have_Type (pokemon_pokedex_no, type) VALUES (194, 11);
INSERT INTO Have_Type (pokemon_pokedex_no, type) VALUES (194, 5);
INSERT INTO Have_Type (pokemon_pokedex_no, type) VALUES (208, 9);
INSERT INTO Have_Type (pokemon_pokedex_no, type) VALUES (208, 5);
INSERT INTO Have_Type (pokemon_pokedex_no, type) VALUES (221, 5);
INSERT INTO Have_Type (pokemon_pokedex_no, type) VALUES (221, 15);
INSERT INTO Have_Type (pokemon_pokedex_no, type) VALUES (234, 1);
INSERT INTO Have_Type (pokemon_pokedex_no, type) VALUES (249, 14);
INSERT INTO Have_Type (pokemon_pokedex_no, type) VALUES (249, 3);
INSERT INTO Have_Type (pokemon_pokedex_no, type) VALUES (262, 17);
INSERT INTO Have_Type (pokemon_pokedex_no, type) VALUES (277, 1);
INSERT INTO Have_Type (pokemon_pokedex_no, type) VALUES (277, 3);
INSERT INTO Have_Type (pokemon_pokedex_no, type) VALUES (292, 7);
INSERT INTO Have_Type (pokemon_pokedex_no, type) VALUES (292, 8);
INSERT INTO Have_Type (pokemon_pokedex_no, type) VALUES (304, 16);
INSERT INTO Have_Type (pokemon_pokedex_no, type) VALUES (304, 9);
INSERT INTO Have_Type (pokemon_pokedex_no, type) VALUES (318, 11);
INSERT INTO Have_Type (pokemon_pokedex_no, type) VALUES (318, 17);
INSERT INTO Have_Type (pokemon_pokedex_no, type) VALUES (332, 17);
INSERT INTO Have_Type (pokemon_pokedex_no, type) VALUES (332, 12);
INSERT INTO Have_Type (pokemon_pokedex_no, type) VALUES (345, 6);
INSERT INTO Have_Type (pokemon_pokedex_no, type) VALUES (345, 12);
INSERT INTO Have_Type (pokemon_pokedex_no, type) VALUES (359, 17);
INSERT INTO Have_Type (pokemon_pokedex_no, type) VALUES (376, 14);
INSERT INTO Have_Type (pokemon_pokedex_no, type) VALUES (376, 9);
INSERT INTO Have_Type (pokemon_pokedex_no, type) VALUES (389, 5);
INSERT INTO Have_Type (pokemon_pokedex_no, type) VALUES (389, 11);
INSERT INTO Have_Type (pokemon_pokedex_no, type) VALUES (397, 3);
INSERT INTO Have_Type (pokemon_pokedex_no, type) VALUES (397, 1);
INSERT INTO Have_Type (pokemon_pokedex_no, type) VALUES (411, 6);
INSERT INTO Have_Type (pokemon_pokedex_no, type) VALUES (411, 9);
INSERT INTO Have_Type (pokemon_pokedex_no, type) VALUES (425, 8);
INSERT INTO Have_Type (pokemon_pokedex_no, type) VALUES (425, 3);
INSERT INTO Have_Type (pokemon_pokedex_no, type) VALUES (440, 1);
INSERT INTO Have_Type (pokemon_pokedex_no, type) VALUES (460, 15);
INSERT INTO Have_Type (pokemon_pokedex_no, type) VALUES (460, 12);
INSERT INTO Have_Type (pokemon_pokedex_no, type) VALUES (390, 10);
INSERT INTO Have_Type (pokemon_pokedex_no, type) VALUES (421, 12);
INSERT INTO Have_Type (pokemon_pokedex_no, type) VALUES (441, 3);
INSERT INTO Have_Type (pokemon_pokedex_no, type) VALUES (441, 1);
INSERT INTO Have_Type (pokemon_pokedex_no, type) VALUES (443, 16);
INSERT INTO Have_Type (pokemon_pokedex_no, type) VALUES (443, 5);
INSERT INTO Have_Type (pokemon_pokedex_no, type) VALUES (444, 16);
INSERT INTO Have_Type (pokemon_pokedex_no, type) VALUES (444, 5);
INSERT INTO Have_Type (pokemon_pokedex_no, type) VALUES (445, 16);
INSERT INTO Have_Type (pokemon_pokedex_no, type) VALUES (445, 5);
INSERT INTO Have_Type (pokemon_pokedex_no, type) VALUES (403, 13);
INSERT INTO Have_Type (pokemon_pokedex_no, type) VALUES (404, 13);
INSERT INTO Have_Type (pokemon_pokedex_no, type) VALUES (405, 13);
INSERT INTO Have_Type (pokemon_pokedex_no, type) VALUES (406, 12);
INSERT INTO Have_Type (pokemon_pokedex_no, type) VALUES (406, 4);
INSERT INTO Have_Type (pokemon_pokedex_no, type) VALUES (407, 12);
INSERT INTO Have_Type (pokemon_pokedex_no, type) VALUES (407, 4);
INSERT INTO Have_Type (pokemon_pokedex_no, type) VALUES (424, 1);
INSERT INTO Have_Type (pokemon_pokedex_no, type) VALUES (408, 6);
INSERT INTO Have_Type (pokemon_pokedex_no, type) VALUES (409, 6);
INSERT INTO Have_Type (pokemon_pokedex_no, type) VALUES (417, 13);
INSERT INTO Have_Type (pokemon_pokedex_no, type) VALUES (416, 7);
INSERT INTO Have_Type (pokemon_pokedex_no, type) VALUES (416, 3);
INSERT INTO Have_Type (pokemon_pokedex_no, type) VALUES (413, 7);
INSERT INTO Have_Type (pokemon_pokedex_no, type) VALUES (414, 7);
INSERT INTO Have_Type (pokemon_pokedex_no, type) VALUES (414, 3);
INSERT INTO Have_Type (pokemon_pokedex_no, type) VALUES (387, 12);
INSERT INTO Have_Type (pokemon_pokedex_no, type) VALUES (388, 12);
INSERT INTO Have_Type (pokemon_pokedex_no, type) VALUES (391, 10);
INSERT INTO Have_Type (pokemon_pokedex_no, type) VALUES (392, 10);
INSERT INTO Have_Type (pokemon_pokedex_no, type) VALUES (393, 11);
INSERT INTO Have_Type (pokemon_pokedex_no, type) VALUES (394, 11);
INSERT INTO Have_Type (pokemon_pokedex_no, type) VALUES (395, 11);
INSERT INTO Have_Type (pokemon_pokedex_no, type) VALUES (395, 9);
INSERT INTO Have_Type (pokemon_pokedex_no, type) VALUES (396, 3);
INSERT INTO Have_Type (pokemon_pokedex_no, type) VALUES (398, 3);
INSERT INTO Have_Type (pokemon_pokedex_no, type) VALUES (398, 17);
INSERT INTO Have_Type (pokemon_pokedex_no, type) VALUES (399, 1);
INSERT INTO Have_Type (pokemon_pokedex_no, type) VALUES (494, 10);
INSERT INTO Have_Type (pokemon_pokedex_no, type) VALUES (494, 14);
INSERT INTO Have_Type (pokemon_pokedex_no, type) VALUES (518, 14);
INSERT INTO Have_Type (pokemon_pokedex_no, type) VALUES (551, 17);
INSERT INTO Have_Type (pokemon_pokedex_no, type) VALUES (551, 6);
INSERT INTO Have_Type (pokemon_pokedex_no, type) VALUES (641, 3);
INSERT INTO Have_Type (pokemon_pokedex_no, type) VALUES (650, 12);
INSERT INTO Have_Type (pokemon_pokedex_no, type) VALUES (678, 14);
INSERT INTO Have_Type (pokemon_pokedex_no, type) VALUES (701, 2);
INSERT INTO Have_Type (pokemon_pokedex_no, type) VALUES (701, 3);
INSERT INTO Have_Type (pokemon_pokedex_no, type) VALUES (719, 6);
INSERT INTO Have_Type (pokemon_pokedex_no, type) VALUES (722, 3);
INSERT INTO Have_Type (pokemon_pokedex_no, type) VALUES (722, 12);
INSERT INTO Have_Type (pokemon_pokedex_no, type) VALUES (748, 11);
INSERT INTO Have_Type (pokemon_pokedex_no, type) VALUES (748, 4);
INSERT INTO Have_Type (pokemon_pokedex_no, type) VALUES (765, 14);
INSERT INTO Have_Type (pokemon_pokedex_no, type) VALUES (765, 1);
INSERT INTO Have_Type (pokemon_pokedex_no, type) VALUES (789, 14);
INSERT INTO Have_Type (pokemon_pokedex_no, type) VALUES (803, 4);
INSERT INTO Have_Type (pokemon_pokedex_no, type) VALUES (821, 3);
INSERT INTO Have_Type (pokemon_pokedex_no, type) VALUES (839, 15);
INSERT INTO Have_Type (pokemon_pokedex_no, type) VALUES (839, 9);

INSERT INTO BattleSet (pokemon, Move1, Move2, Move3, Move4, ObjectPk) 
VALUES (1, 3, 9, 12, 17, 1);
INSERT INTO BattleSet (pokemon, Move1, Move2, Move3, Move4, ObjectPk) 
VALUES (2, 15, 28, 33, 42, 2);
INSERT INTO BattleSet (pokemon, Move1, Move2, Move3, Move4, ObjectPk) 
VALUES (3, 6, 14, 23, 37, 3);
INSERT INTO BattleSet (pokemon, Move1, Move2, Move3, Move4, ObjectPk) 
VALUES (4, 2, 7, 19, 44, 4);
INSERT INTO BattleSet (pokemon, Move1, Move2, Move3, Move4, ObjectPk) 
VALUES (5, 10, 21, 30, 49, 5);
INSERT INTO BattleSet (pokemon, Move1, Move2, Move3, Move4, ObjectPk) 
VALUES (6, 1, 8, 25, 40, 6);

INSERT INTO BattleSet (pokemon, Move1, Move2, Move3, Move4, ObjectPk) 
VALUES (7, 5, 16, 31, 46, 7);
INSERT INTO BattleSet (pokemon, Move1, Move2, Move3, Move4, ObjectPk) 
VALUES (8, 11, 20, 26, 48, 8);
INSERT INTO BattleSet (pokemon, Move1, Move2, Move3, Move4, ObjectPk) 
VALUES (9, 4, 13, 29, 41, 9);
INSERT INTO BattleSet (pokemon, Move1, Move2, Move3, Move4, ObjectPk) 
VALUES (10, 18, 22, 36, 47, 10);
INSERT INTO BattleSet (pokemon, Move1, Move2, Move3, Move4, ObjectPk) 
VALUES (11, 24, 32, 39, 50, 11);
INSERT INTO BattleSet (pokemon, Move1, Move2, Move3, Move4, ObjectPk) 
VALUES (12, 27, 34, 43, 50, 12);
INSERT INTO BattleSet (pokemon, Move1, Move2, Move3, Move4, ObjectPk) 
VALUES (13, 35, 38, 45, 50, 13);
INSERT INTO BattleSet (pokemon, Move1, Move2, Move3, Move4, ObjectPk) 
VALUES (14, 1, 3, 5, 7, 14);
INSERT INTO BattleSet (pokemon, Move1, Move2, Move3, Move4, ObjectPk) 
VALUES (15, 9, 11, 13, 15, 15);
INSERT INTO BattleSet (pokemon, Move1, Move2, Move3, Move4, ObjectPk) 
VALUES (41, 15, 28, 36, 47, 10),
INSERT INTO BattleSet (pokemon, Move1, Move2, Move3, Move4, ObjectPk) 
VALUES (32, 5, 19, 23, 42, 11),
INSERT INTO BattleSet (pokemon, Move1, Move2, Move3, Move4, ObjectPk) 
VALUES (23, 2, 16, 31, 48, 12),
INSERT INTO BattleSet (pokemon, Move1, Move2, Move3, Move4, ObjectPk) 
VALUES (44, 11, 24, 39, 50, 13),
INSERT INTO BattleSet (pokemon, Move1, Move2, Move3, Move4, ObjectPk) 
VALUES (10, 4, 18, 33, 46, 14),
INSERT INTO BattleSet (pokemon, Move1, Move2, Move3, Move4, ObjectPk) 
VALUES (15, 9, 22, 38, 49, 15),
INSERT INTO BattleSet (pokemon, Move1, Move2, Move3, Move4, ObjectPk) 
VALUES (43, 1, 17, 35, 45, 16),
INSERT INTO BattleSet (pokemon, Move1, Move2, Move3, Move4, ObjectPk) 
VALUES (29 7, 20, 30, 44, 17),
INSERT INTO BattleSet (pokemon, Move1, Move2, Move3, Move4, ObjectPk) 
VALUES (36, 3, 14, 29, 43, 18),
INSERT INTO BattleSet (pokemon, Move1, Move2, Move3, Move4, ObjectPk) 
VALUES (30, 10, 21, 37, 41, 19);
INSERT INTO BattleSet (pokemon, Move1, Move2, Move3, Move4, ObjectPk)
VALUES (7, 23, 12, 48, 16, 27);
INSERT INTO BattleSet (pokemon, Move1, Move2, Move3, Move4, ObjectPk)
VALUES (12, 7, 35, 49, 41, 45);
INSERT INTO BattleSet (pokemon, Move1, Move2, Move3, Move4, ObjectPk)
VALUES (25, 6, 11, 37, 43, 19);
INSERT INTO BattleSet (pokemon, Move1, Move2, Move3, Move4, ObjectPk)
VALUES (32, 18, 29, 31, 44, 9);
INSERT INTO BattleSet (pokemon, Move1, Move2, Move3, Move4, ObjectPk)
VALUES (48, 15, 27, 39, 50, 36);
INSERT INTO BattleSet (pokemon, Move1, Move2, Move3, Move4, ObjectPk)
VALUES (12, 23, 45, 16, 38, 29);
INSERT INTO BattleSet (pokemon, Move1, Move2, Move3, Move4, ObjectPk)
VALUES (28, 17, 32, 48, 7, 12);
INSERT INTO BattleSet (pokemon, Move1, Move2, Move3, Move4, ObjectPk)
VALUES (6, 2, 33, 42, 19, 41);
INSERT INTO BattleSet (pokemon, Move1, Move2, Move3, Move4, ObjectPk)
VALUES (49, 25, 46, 1, 30, 3);
INSERT INTO BattleSet (pokemon, Move1, Move2, Move3, Move4, ObjectPk)
VALUES (20, 39, 5, 21, 9, 35);

INSERT INTO BattleSet (pokemon, Move1, Move2, Move3, Move4, ObjectPk) 
VALUES (1, 4, 10, 27, 38, 2);

INSERT INTO BattleSet (pokemon, Move1, Move2, Move3, Move4, ObjectPk) 
VALUES (2, 13, 16, 21, 44, 3);

INSERT INTO BattleSet (pokemon, Move1, Move2, Move3, Move4, ObjectPk) 
VALUES (3, 5, 11, 28, 49, 4);

INSERT INTO BattleSet (pokemon, Move1, Move2, Move3, Move4, ObjectPk) 
VALUES (4, 9, 17, 30, 43, 5);

INSERT INTO BattleSet (pokemon, Move1, Move2, Move3, Move4, ObjectPk) 
VALUES (5, 6, 14, 26, 39, 6);

INSERT INTO BattleSet (pokemon, Move1, Move2, Move3, Move4, ObjectPk) 
VALUES (6, 12, 19, 29, 40, 7);

INSERT INTO BattleSet (pokemon, Move1, Move2, Move3, Move4, ObjectPk) 
VALUES (7, 1, 8, 23, 47, 8);

INSERT INTO BattleSet (pokemon, Move1, Move2, Move3, Move4, ObjectPk) 
VALUES (8, 2, 15, 24, 41, 9);

INSERT INTO BattleSet (pokemon, Move1, Move2, Move3, Move4, ObjectPk) 
VALUES (9, 7, 18, 31, 46, 10);

INSERT INTO BattleSet (pokemon, Move1, Move2, Move3, Move4, ObjectPk) 
VALUES (10, 3, 20, 25, 42, 11);

INSERT INTO BattleSet (pokemon, Move1, Move2, Move3, Move4, ObjectPk) 
VALUES (11, 11, 22, 32, 48, 12);

INSERT INTO BattleSet (pokemon, Move1, Move2, Move3, Move4, ObjectPk) 
VALUES (12, 9, 13, 33, 45, 13);

INSERT INTO BattleSet (pokemon, Move1, Move2, Move3, Move4, ObjectPk) 
VALUES (13, 10, 12, 34, 50, 14);

INSERT INTO BattleSet (pokemon, Move1, Move2, Move3, Move4, ObjectPk) 
VALUES (14, 4, 16, 35, 47, 15);

INSERT INTO BattleSet (pokemon, Move1, Move2, Move3, Move4, ObjectPk) 
VALUES (15, 6, 15, 36, 49, 16);

